<?xml version="1.0" encoding="UTF-8"?>
<config xmlns="http://www.knime.org/2008/09/XMLConfig" xmlns:xsi="http://www.w3.org/2001/XMLSchema-instance" xsi:schemaLocation="http://www.knime.org/2008/09/XMLConfig http://www.knime.org/XMLConfig_2008_09.xsd" key="model.xml">
    <entry key="version" type="xint" value="1"/>
    <entry key="class_name" type="xstring" value="org.knime.base.data.normalize.NormalizerPortObject"/>
    <config key="model">
        <config key="columns">
            <config key="Sum of Attack, Sp. Atk, Defense, Sp. Def, Speed and HP">
                <entry key="column_name" type="xstring" value="Sum of Attack, Sp. Atk, Defense, Sp. Def, Speed and HP"/>
                <entry key="column_scale" type="xdouble" value="0.008335900807765197"/>
                <entry key="column_translate" type="xdouble" value="-3.626971281210653"/>
                <entry key="column_min" type="xdouble" value="NaN"/>
                <entry key="column_max" type="xdouble" value="NaN"/>
            </config>
            <config key="Hit Points">
                <entry key="column_name" type="xstring" value="Hit Points"/>
                <entry key="column_scale" type="xdouble" value="0.03916244219706928"/>
                <entry key="column_translate" type="xdouble" value="-2.7123417935162726"/>
                <entry key="column_min" type="xdouble" value="NaN"/>
                <entry key="column_max" type="xdouble" value="NaN"/>
            </config>
            <config key="Attack Strength">
                <entry key="column_name" type="xstring" value="Attack Strength"/>
                <entry key="column_scale" type="xdouble" value="0.030809647462480678"/>
                <entry key="column_translate" type="xdouble" value="-2.434000661595302"/>
                <entry key="column_min" type="xdouble" value="NaN"/>
                <entry key="column_max" type="xdouble" value="NaN"/>
            </config>
            <config key="Defensive Strength">
                <entry key="column_name" type="xstring" value="Defensive Strength"/>
                <entry key="column_scale" type="xdouble" value="0.03206824064210808"/>
                <entry key="column_translate" type="xdouble" value="-2.3679990596148675"/>
                <entry key="column_min" type="xdouble" value="NaN"/>
                <entry key="column_max" type="xdouble" value="NaN"/>
            </config>
            <config key="Special Attack Strength">
                <entry key="column_name" type="xstring" value="Special Attack Strength"/>
                <entry key="column_scale" type="xdouble" value="0.03056020445392333"/>
                <entry key="column_translate" type="xdouble" value="-2.225394088334699"/>
                <entry key="column_min" type="xdouble" value="NaN"/>
                <entry key="column_max" type="xdouble" value="NaN"/>
            </config>
            <config key="Special Defensive Strength">
                <entry key="column_name" type="xstring" value="Special Defensive Strength"/>
                <entry key="column_scale" type="xdouble" value="0.03593384691269865"/>
                <entry key="column_translate" type="xdouble" value="-2.5837334276403148"/>
                <entry key="column_min" type="xdouble" value="NaN"/>
                <entry key="column_max" type="xdouble" value="NaN"/>
            </config>
            <config key="Speed">
                <entry key="column_name" type="xstring" value="Speed"/>
                <entry key="column_scale" type="xdouble" value="0.034411001339233416"/>
                <entry key="column_translate" type="xdouble" value="-2.3494971439395096"/>
                <entry key="column_min" type="xdouble" value="NaN"/>
                <entry key="column_max" type="xdouble" value="NaN"/>
            </config>
            <config key="Number of generation">
                <entry key="column_name" type="xstring" value="Number of generation"/>
                <entry key="column_scale" type="xdouble" value="0.6019417193454506"/>
                <entry key="column_translate" type="xdouble" value="-2.000703789674441"/>
                <entry key="column_min" type="xdouble" value="NaN"/>
                <entry key="column_max" type="xdouble" value="NaN"/>
            </config>
        </config>
        <entry key="summary" type="xstring" value="Z-Score (Gaussian) normalization on 8 column(s)"/>
    </config>
</config>
